<?xml version="1.0" encoding="UTF-8"?>
<project-private xmlns="http://www.netbeans.org/ns/project-private/1">
    <editor-bookmarks xmlns="http://www.netbeans.org/ns/editor-bookmarks/2" lastBookmarkId="0"/>
    <open-files xmlns="http://www.netbeans.org/ns/projectui-open-files/2">
        <group>
            <file>file:/E:/repos/ukc-stuff/assessment/java/07_12_2015/fotoshop-bad/test/image/ImageTest.java</file>
            <file>file:/E:/repos/ukc-stuff/assessment/java/07_12_2015/fotoshop-bad/src/editor/Editor.java</file>
            <file>file:/E:/repos/ukc-stuff/assessment/java/07_12_2015/fotoshop-bad/src/ui/GUI.java</file>
            <file>file:/E:/repos/ukc-stuff/assessment/java/07_12_2015/fotoshop-bad/src/image/Image.java</file>
            <file>file:/E:/repos/ukc-stuff/assessment/java/07_12_2015/fotoshop-bad/src/ui/CLI.java</file>
            <file>file:/E:/repos/ukc-stuff/assessment/java/07_12_2015/fotoshop-bad/src/editor/Main.java</file>
            <file>file:/E:/repos/ukc-stuff/assessment/java/07_12_2015/fotoshop-bad/src/internationalisation/Internationalisation.java</file>
        </group>
    </open-files>
</project-private>
